<?xml version='1.1' encoding='UTF-8'?>
<hudson.plugins.sonar.SonarGlobalConfiguration plugin="sonar@2.8">
  <installations>
    <hudson.plugins.sonar.SonarInstallation>
      <name>Sonarqube_Home</name>
      <serverUrl>http://172.26.41.22:32777</serverUrl>
      <serverAuthenticationToken>http://172.26.41.22:32777</serverAuthenticationToken>
      <mojoVersion></mojoVersion>
      <additionalProperties></additionalProperties>
      <additionalAnalysisProperties></additionalAnalysisProperties>
      <triggers>
        <skipScmCause>false</skipScmCause>
        <skipUpstreamCause>false</skipUpstreamCause>
        <envVar></envVar>
      </triggers>
    </hudson.plugins.sonar.SonarInstallation>
  </installations>
  <buildWrapperEnabled>false</buildWrapperEnabled>
  <dataMigrated>true</dataMigrated>
</hudson.plugins.sonar.SonarGlobalConfiguration>
